,Acquisition_Date,file_name,month,year,season,day_of_year,season_wfd
0,2019-01-15 10:12:15,S3A_CHL_IT_20190115T101215_L1.tif,1,2019,winter,15,Winter
1,2019-01-21 09:16:09,S3A_CHL_IT_20190121T091609_L1.tif,1,2019,winter,21,Winter
245,2019-01-22 09:51:27,S3B_CHL_IT_20190122T095127_L1.tif,1,2019,winter,22,Winter
2,2019-01-24 09:38:36,S3A_CHL_IT_20190124T093836_L1.tif,1,2019,winter,24,Winter
246,2019-01-25 10:13:53,S3B_CHL_IT_20190125T101353_L1.tif,1,2019,winter,25,Winter
3,2019-01-28 09:34:52,S3A_CHL_IT_20190128T093452_L1.tif,1,2019,winter,28,Winter
247,2019-01-29 10:10:09,S3B_CHL_IT_20190129T101009_L1.tif,1,2019,winter,29,Winter
4,2019-02-04 09:53:34,S3A_CHL_IT_20190204T095334_L1.tif,2,2019,winter,35,Winter
5,2019-02-05 09:27:23,S3A_CHL_IT_20190205T092723_L1.tif,2,2019,winter,36,Winter
248,2019-02-06 10:02:40,S3B_CHL_IT_20190206T100240_L1.tif,2,2019,winter,37,Winter
6,2019-02-08 09:49:50,S3A_CHL_IT_20190208T094950_L1.tif,2,2019,winter,39,Winter
7,2019-02-09 09:23:39,S3A_CHL_IT_20190209T092339_L1.tif,2,2019,winter,40,Winter
8,2019-02-11 10:12:16,S3A_CHL_IT_20190211T101216_L1.tif,2,2019,winter,42,Winter
9,2019-02-12 09:46:05,S3A_CHL_IT_20190212T094605_L1.tif,2,2019,winter,43,Winter
249,2019-02-14 09:55:11,S3B_CHL_IT_20190214T095511_L1.tif,2,2019,winter,45,Winter
250,2019-02-15 09:29:00,S3B_CHL_IT_20190215T092900_L1.tif,2,2019,winter,46,Winter
10,2019-02-15 10:08:32,S3A_CHL_IT_20190215T100832_L1.tif,2,2019,winter,46,Winter
11,2019-02-16 09:42:21,S3A_CHL_IT_20190216T094221_L1.tif,2,2019,winter,47,Winter
12,2019-02-17 09:16:10,S3A_CHL_IT_20190217T091610_L1.tif,2,2019,winter,48,Winter
251,2019-02-18 09:51:27,S3B_CHL_IT_20190218T095127_L1.tif,2,2019,winter,49,Winter
252,2019-02-21 10:13:55,S3B_CHL_IT_20190221T101355_L1.tif,2,2019,winter,52,Winter
253,2019-02-22 09:47:44,S3B_CHL_IT_20190222T094744_L1.tif,2,2019,winter,53,Winter
254,2019-02-25 10:10:11,S3B_CHL_IT_20190225T101011_L1.tif,2,2019,winter,56,Winter
255,2019-02-27 09:17:49,S3B_CHL_IT_20190227T091749_L1.tif,2,2019,winter,58,Winter
13,2019-02-27 09:57:18,S3A_CHL_IT_20190227T095718_L1.tif,2,2019,winter,58,Winter
14,2019-02-28 09:31:07,S3A_CHL_IT_20190228T093107_L1.tif,2,2019,winter,59,Winter
256,2019-03-01 10:06:27,S3B_CHL_IT_20190301T100627_L1.tif,3,2019,spring,60,Winter
257,2019-03-05 10:02:44,S3B_CHL_IT_20190305T100244_L1.tif,3,2019,spring,64,Winter
15,2019-03-15 09:42:18,S3A_CHL_IT_20190315T094218_L1.tif,3,2019,spring,74,Winter
258,2019-03-18 09:25:21,S3B_CHL_IT_20190318T092521_L1.tif,3,2019,spring,77,Winter
259,2019-03-20 10:13:59,S3B_CHL_IT_20190320T101359_L1.tif,3,2019,spring,79,Winter
260,2019-03-21 09:47:48,S3B_CHL_IT_20190321T094748_L1.tif,3,2019,spring,80,None
261,2019-03-22 09:21:37,S3B_CHL_IT_20190322T092137_L1.tif,3,2019,spring,81,None
16,2019-03-22 10:01:02,S3A_CHL_IT_20190322T100102_L1.tif,3,2019,spring,81,None
17,2019-03-23 09:34:52,S3A_CHL_IT_20190323T093452_L1.tif,3,2019,spring,82,None
262,2019-03-24 10:10:15,S3B_CHL_IT_20190324T101015_L1.tif,3,2019,spring,83,None
263,2019-03-25 09:44:04,S3B_CHL_IT_20190325T094404_L1.tif,3,2019,spring,84,None
18,2019-03-26 09:57:19,S3A_CHL_IT_20190326T095719_L1.tif,3,2019,spring,85,None
19,2019-03-27 09:31:08,S3A_CHL_IT_20190327T093108_L1.tif,3,2019,spring,86,None
264,2019-03-28 10:06:31,S3B_CHL_IT_20190328T100631_L1.tif,3,2019,spring,87,None
20,2019-03-30 09:53:35,S3A_CHL_IT_20190330T095335_L1.tif,3,2019,spring,89,None
265,2019-04-01 10:02:46,S3B_CHL_IT_20190401T100246_L1.tif,4,2019,spring,91,Spring
266,2019-04-09 09:55:18,S3B_CHL_IT_20190409T095518_L1.tif,4,2019,spring,99,Spring
21,2019-04-15 09:38:40,S3A_CHL_IT_20190415T093840_L1.tif,4,2019,spring,105,Spring
267,2019-04-17 09:47:49,S3B_CHL_IT_20190417T094749_L1.tif,4,2019,spring,107,Spring
268,2019-04-20 10:10:15,S3B_CHL_IT_20190420T101015_L1.tif,4,2019,spring,110,Spring
22,2019-05-04 09:46:11,S3A_CHL_IT_20190504T094611_L1.tif,5,2019,spring,124,Spring
23,2019-05-23 09:53:40,S3A_CHL_IT_20190523T095340_L1.tif,5,2019,spring,143,Spring-summer transition
24,2019-05-30 10:12:22,S3A_CHL_IT_20190530T101222_L1.tif,5,2019,spring,150,Spring-summer transition
25,2019-05-31 09:46:11,S3A_CHL_IT_20190531T094611_L1.tif,5,2019,spring,151,Spring-summer transition
269,2019-06-02 09:55:12,S3B_CHL_IT_20190602T095512_L1.tif,6,2019,summer,153,Spring-summer transition
26,2019-06-03 10:08:37,S3A_CHL_IT_20190603T100837_L1.tif,6,2019,summer,154,Spring-summer transition
27,2019-06-07 10:04:53,S3A_CHL_IT_20190607T100453_L1.tif,6,2019,summer,158,Spring-summer transition
270,2019-06-13 10:10:08,S3B_CHL_IT_20190613T101008_L1.tif,6,2019,summer,164,Spring-summer transition
271,2019-06-17 10:06:23,S3B_CHL_IT_20190617T100623_L1.tif,6,2019,summer,168,None
28,2019-06-23 09:49:55,S3A_CHL_IT_20190623T094955_L1.tif,6,2019,summer,174,None
29,2019-07-04 10:04:53,S3A_CHL_IT_20190704T100453_L1.tif,7,2019,summer,185,Summer
272,2019-07-06 10:13:54,S3B_CHL_IT_20190706T101354_L1.tif,7,2019,summer,187,Summer
273,2019-07-07 09:47:43,S3B_CHL_IT_20190707T094743_L1.tif,7,2019,summer,188,Summer
30,2019-07-12 09:57:24,S3A_CHL_IT_20190712T095724_L1.tif,7,2019,summer,193,Summer
274,2019-07-14 10:06:26,S3B_CHL_IT_20190714T100626_L1.tif,7,2019,summer,195,Summer
31,2019-07-16 09:53:39,S3A_CHL_IT_20190716T095339_L1.tif,7,2019,summer,197,Summer
275,2019-07-30 09:51:29,S3B_CHL_IT_20190730T095129_L1.tif,7,2019,summer,211,Summer
32,2019-08-04 10:01:06,S3A_CHL_IT_20190804T100106_L1.tif,8,2019,summer,216,Summer
33,2019-08-08 09:57:21,S3A_CHL_IT_20190808T095721_L1.tif,8,2019,summer,220,Summer
34,2019-08-16 09:49:51,S3A_CHL_IT_20190816T094951_L1.tif,8,2019,summer,228,Summer
276,2019-08-18 09:58:57,S3B_CHL_IT_20190818T095857_L1.tif,8,2019,summer,230,Summer
277,2019-08-30 09:47:43,S3B_CHL_IT_20190830T094743_L1.tif,8,2019,summer,242,Summer
278,2019-09-03 09:43:59,S3B_CHL_IT_20190903T094359_L1.tif,9,2019,autumn,246,Summer-autumn transition
35,2019-09-12 09:49:51,S3A_CHL_IT_20190912T094951_L1.tif,9,2019,autumn,255,Summer-autumn transition
279,2019-09-25 10:13:53,S3B_CHL_IT_20190925T101353_L1.tif,9,2019,autumn,268,Summer-autumn transition
36,2019-10-05 09:53:38,S3A_CHL_IT_20191005T095338_L1.tif,10,2019,autumn,278,Autumn
37,2019-10-16 10:08:36,S3A_CHL_IT_20191016T100836_L1.tif,10,2019,autumn,289,Autumn
38,2019-11-05 09:49:53,S3A_CHL_IT_20191105T094953_L1.tif,11,2019,autumn,309,Autumn
39,2019-11-09 09:46:08,S3A_CHL_IT_20191109T094608_L1.tif,11,2019,autumn,313,Autumn
40,2019-11-13 09:42:23,S3A_CHL_IT_20191113T094223_L1.tif,11,2019,autumn,317,Autumn
41,2019-12-02 09:49:49,S3A_CHL_IT_20191202T094949_L1.tif,12,2019,winter,336,None
280,2019-12-05 09:32:47,S3B_CHL_IT_20191205T093247_L1.tif,12,2019,winter,339,None
42,2019-12-05 10:12:15,S3A_CHL_IT_20191205T101215_L1.tif,12,2019,winter,339,None
43,2019-12-06 09:46:04,S3A_CHL_IT_20191206T094604_L1.tif,12,2019,winter,340,None
44,2019-12-07 09:19:53,S3A_CHL_IT_20191207T091953_L1.tif,12,2019,winter,341,None
45,2019-12-09 10:08:30,S3A_CHL_IT_20191209T100830_L1.tif,12,2019,winter,343,None
46,2019-12-10 09:42:19,S3A_CHL_IT_20191210T094219_L1.tif,12,2019,winter,344,None
47,2019-12-14 09:38:35,S3A_CHL_IT_20191214T093835_L1.tif,12,2019,winter,348,None
281,2019-12-23 10:06:26,S3B_CHL_IT_20191223T100626_L1.tif,12,2019,winter,357,None
48,2019-12-25 09:53:34,S3A_CHL_IT_20191225T095334_L1.tif,12,2019,winter,359,None
49,2019-12-26 09:27:23,S3A_CHL_IT_20191226T092723_L1.tif,12,2019,winter,360,None
282,2019-12-27 10:02:42,S3B_CHL_IT_20191227T100242_L1.tif,12,2019,winter,361,None
50,2020-01-01 10:12:17,S3A_CHL_IT_20200101T101217_L1.tif,1,2020,winter,1,Winter
51,2020-01-02 09:46:06,S3A_CHL_IT_20200102T094606_L1.tif,1,2020,winter,2,Winter
52,2020-01-05 10:08:33,S3A_CHL_IT_20200105T100833_L1.tif,1,2020,winter,5,Winter
53,2020-01-17 09:57:20,S3A_CHL_IT_20200117T095720_L1.tif,1,2020,winter,17,Winter
54,2020-01-21 09:53:36,S3A_CHL_IT_20200121T095336_L1.tif,1,2020,winter,21,Winter
55,2020-01-22 09:27:25,S3A_CHL_IT_20200122T092725_L1.tif,1,2020,winter,22,Winter
56,2020-02-03 09:16:12,S3A_CHL_IT_20200203T091612_L1.tif,2,2020,winter,34,Winter
57,2020-02-05 10:04:50,S3A_CHL_IT_20200205T100450_L1.tif,2,2020,winter,36,Winter
58,2020-02-14 09:31:10,S3A_CHL_IT_20200214T093110_L1.tif,2,2020,winter,45,Winter
59,2020-02-18 09:27:25,S3A_CHL_IT_20200218T092725_L1.tif,2,2020,winter,49,Winter
60,2020-02-24 10:12:18,S3A_CHL_IT_20200224T101218_L1.tif,2,2020,winter,55,Winter
61,2020-02-28 10:08:33,S3A_CHL_IT_20200228T100833_L1.tif,2,2020,winter,59,Winter
62,2020-03-04 09:38:37,S3A_CHL_IT_20200304T093837_L1.tif,3,2020,spring,64,Winter
63,2020-03-07 10:01:04,S3A_CHL_IT_20200307T100104_L1.tif,3,2020,spring,67,Winter
64,2020-03-08 09:34:53,S3A_CHL_IT_20200308T093453_L1.tif,3,2020,spring,68,Winter
65,2020-03-11 09:57:19,S3A_CHL_IT_20200311T095719_L1.tif,3,2020,spring,71,Winter
66,2020-03-16 09:27:25,S3A_CHL_IT_20200316T092725_L1.tif,3,2020,spring,76,Winter
67,2020-03-19 09:49:52,S3A_CHL_IT_20200319T094952_L1.tif,3,2020,spring,79,Winter
68,2020-03-24 09:19:58,S3A_CHL_IT_20200324T091958_L1.tif,3,2020,spring,84,None
69,2020-04-03 10:01:08,S3A_CHL_IT_20200403T100108_L1.tif,4,2020,spring,94,Spring
70,2020-04-07 09:57:25,S3A_CHL_IT_20200407T095725_L1.tif,4,2020,spring,98,Spring
71,2020-04-08 09:31:14,S3A_CHL_IT_20200408T093114_L1.tif,4,2020,spring,99,Spring
72,2020-04-11 09:53:41,S3A_CHL_IT_20200411T095341_L1.tif,4,2020,spring,102,Spring
73,2020-04-12 09:27:30,S3A_CHL_IT_20200412T092730_L1.tif,4,2020,spring,103,Spring
74,2020-04-22 10:08:40,S3A_CHL_IT_20200422T100840_L1.tif,4,2020,spring,113,Spring
75,2020-04-23 09:42:29,S3A_CHL_IT_20200423T094229_L1.tif,4,2020,spring,114,Spring
76,2020-05-04 09:57:28,S3A_CHL_IT_20200504T095728_L1.tif,5,2020,spring,125,Spring
77,2020-05-12 09:49:59,S3A_CHL_IT_20200512T094959_L1.tif,5,2020,spring,133,Spring
78,2020-05-20 09:42:30,S3A_CHL_IT_20200520T094230_L1.tif,5,2020,spring,141,Spring-summer transition
79,2020-05-24 09:38:46,S3A_CHL_IT_20200524T093846_L1.tif,5,2020,spring,145,Spring-summer transition
80,2020-05-27 10:01:12,S3A_CHL_IT_20200527T100112_L1.tif,5,2020,spring,148,Spring-summer transition
81,2020-06-19 10:04:55,S3A_CHL_IT_20200619T100455_L1.tif,6,2020,summer,171,None
82,2020-06-23 10:01:11,S3A_CHL_IT_20200623T100111_L1.tif,6,2020,summer,175,None
83,2020-07-05 09:49:58,S3A_CHL_IT_20200705T094958_L1.tif,7,2020,summer,187,Summer
283,2020-07-07 09:59:09,S3B_CHL_IT_20200707T095909_L1.tif,7,2020,summer,189,Summer
84,2020-07-09 09:46:14,S3A_CHL_IT_20200709T094614_L1.tif,7,2020,summer,191,Summer
85,2020-07-12 10:08:40,S3A_CHL_IT_20200712T100840_L1.tif,7,2020,summer,194,Summer
86,2020-07-16 10:04:56,S3A_CHL_IT_20200716T100456_L1.tif,7,2020,summer,198,Summer
87,2020-07-20 10:01:11,S3A_CHL_IT_20200720T100111_L1.tif,7,2020,summer,202,Summer
88,2020-07-25 09:31:16,S3A_CHL_IT_20200725T093116_L1.tif,7,2020,summer,207,Summer
89,2020-07-28 09:53:42,S3A_CHL_IT_20200728T095342_L1.tif,7,2020,summer,210,Summer
90,2020-08-01 09:49:57,S3A_CHL_IT_20200801T094957_L1.tif,8,2020,summer,214,Summer
91,2020-08-05 09:46:12,S3A_CHL_IT_20200805T094612_L1.tif,8,2020,summer,218,Summer
92,2020-08-08 10:08:39,S3A_CHL_IT_20200808T100839_L1.tif,8,2020,summer,221,Summer
93,2020-08-09 09:42:28,S3A_CHL_IT_20200809T094228_L1.tif,8,2020,summer,222,Summer
94,2020-08-12 10:04:54,S3A_CHL_IT_20200812T100454_L1.tif,8,2020,summer,225,Summer
95,2020-08-20 09:57:24,S3A_CHL_IT_20200820T095724_L1.tif,8,2020,summer,233,Summer
96,2020-09-01 09:46:09,S3A_CHL_IT_20200901T094609_L1.tif,9,2020,autumn,245,Summer-autumn transition
284,2020-09-03 09:55:24,S3B_CHL_IT_20200903T095524_L1.tif,9,2020,autumn,247,Summer-autumn transition
97,2020-09-04 10:08:35,S3A_CHL_IT_20200904T100835_L1.tif,9,2020,autumn,248,Summer-autumn transition
98,2020-09-05 09:42:25,S3A_CHL_IT_20200905T094225_L1.tif,9,2020,autumn,249,Summer-autumn transition
99,2020-09-08 10:04:52,S3A_CHL_IT_20200908T100452_L1.tif,9,2020,autumn,252,Summer-autumn transition
100,2020-09-09 09:38:41,S3A_CHL_IT_20200909T093841_L1.tif,9,2020,autumn,253,Summer-autumn transition
101,2020-09-12 10:01:08,S3A_CHL_IT_20200912T100108_L1.tif,9,2020,autumn,256,Summer-autumn transition
102,2020-09-17 09:31:13,S3A_CHL_IT_20200917T093113_L1.tif,9,2020,autumn,261,Summer-autumn transition
285,2020-10-08 09:47:50,S3B_CHL_IT_20201008T094750_L1.tif,10,2020,autumn,282,Autumn
286,2020-10-12 09:44:07,S3B_CHL_IT_20201012T094407_L1.tif,10,2020,autumn,286,Autumn
103,2020-10-14 09:31:15,S3A_CHL_IT_20201014T093115_L1.tif,10,2020,autumn,288,Autumn
104,2020-10-17 09:53:41,S3A_CHL_IT_20201017T095341_L1.tif,10,2020,autumn,291,Autumn
287,2020-10-24 09:32:56,S3B_CHL_IT_20201024T093256_L1.tif,10,2020,autumn,298,Autumn
105,2020-10-24 10:12:23,S3A_CHL_IT_20201024T101223_L1.tif,10,2020,autumn,298,Autumn
288,2020-10-27 09:55:24,S3B_CHL_IT_20201027T095524_L1.tif,10,2020,autumn,301,Autumn
289,2020-10-28 09:29:13,S3B_CHL_IT_20201028T092913_L1.tif,10,2020,autumn,302,Autumn
106,2020-10-28 10:08:39,S3A_CHL_IT_20201028T100839_L1.tif,10,2020,autumn,302,Autumn
107,2020-10-29 09:42:28,S3A_CHL_IT_20201029T094228_L1.tif,10,2020,autumn,303,Autumn
108,2020-10-30 09:16:17,S3A_CHL_IT_20201030T091617_L1.tif,10,2020,autumn,304,Autumn
109,2020-11-05 10:01:09,S3A_CHL_IT_20201105T100109_L1.tif,11,2020,autumn,310,Autumn
290,2020-11-07 10:10:23,S3B_CHL_IT_20201107T101023_L1.tif,11,2020,autumn,312,Autumn
110,2020-11-09 09:57:24,S3A_CHL_IT_20201109T095724_L1.tif,11,2020,autumn,314,Autumn
291,2020-11-11 10:06:39,S3B_CHL_IT_20201111T100639_L1.tif,11,2020,autumn,316,Autumn
292,2020-11-16 09:36:44,S3B_CHL_IT_20201116T093644_L1.tif,11,2020,autumn,321,Autumn
111,2020-11-17 09:49:54,S3A_CHL_IT_20201117T094954_L1.tif,11,2020,autumn,322,Autumn
112,2020-11-18 09:23:43,S3A_CHL_IT_20201118T092343_L1.tif,11,2020,autumn,323,Autumn
293,2020-11-19 09:59:10,S3B_CHL_IT_20201119T095910_L1.tif,11,2020,autumn,324,Autumn
294,2020-11-20 09:32:59,S3B_CHL_IT_20201120T093259_L1.tif,11,2020,autumn,325,Autumn
113,2020-11-20 10:12:20,S3A_CHL_IT_20201120T101220_L1.tif,11,2020,autumn,325,Autumn
114,2020-11-22 09:19:58,S3A_CHL_IT_20201122T091958_L1.tif,11,2020,autumn,327,Autumn
115,2020-11-24 10:08:35,S3A_CHL_IT_20201124T100835_L1.tif,11,2020,autumn,329,Autumn
116,2020-11-25 09:42:24,S3A_CHL_IT_20201125T094224_L1.tif,11,2020,autumn,330,Autumn
117,2020-11-26 09:16:13,S3A_CHL_IT_20201126T091613_L1.tif,11,2020,autumn,331,Autumn
295,2020-11-27 09:51:42,S3B_CHL_IT_20201127T095142_L1.tif,11,2020,autumn,332,Autumn
118,2020-11-28 10:04:50,S3A_CHL_IT_20201128T100450_L1.tif,11,2020,autumn,333,Autumn
296,2020-12-13 09:36:42,S3B_CHL_IT_20201213T093642_L1.tif,12,2020,winter,348,None
119,2020-12-26 09:38:39,S3A_CHL_IT_20201226T093839_L1.tif,12,2020,winter,361,None
297,2021-01-08 10:02:54,S3B_CHL_IT_20210108T100254_L1.tif,1,2021,winter,8,Winter
120,2021-01-10 09:49:56,S3A_CHL_IT_20210110T094956_L1.tif,1,2021,winter,10,Winter
121,2021-01-11 09:23:45,S3A_CHL_IT_20210111T092345_L1.tif,1,2021,winter,11,Winter
122,2021-01-14 09:46:12,S3A_CHL_IT_20210114T094612_L1.tif,1,2021,winter,14,Winter
298,2021-01-16 09:55:24,S3B_CHL_IT_20210116T095524_L1.tif,1,2021,winter,16,Winter
123,2021-01-17 10:08:39,S3A_CHL_IT_20210117T100839_L1.tif,1,2021,winter,17,Winter
124,2021-01-18 09:42:29,S3A_CHL_IT_20210118T094229_L1.tif,1,2021,winter,18,Winter
125,2021-01-26 09:35:01,S3A_CHL_IT_20210126T093501_L1.tif,1,2021,winter,26,Winter
299,2021-01-31 10:06:34,S3B_CHL_IT_20210131T100634_L1.tif,1,2021,winter,31,Winter
300,2021-02-04 10:02:49,S3B_CHL_IT_20210204T100249_L1.tif,2,2021,winter,35,Winter
301,2021-02-08 09:59:05,S3B_CHL_IT_20210208T095905_L1.tif,2,2021,winter,39,Winter
126,2021-02-11 09:20:03,S3A_CHL_IT_20210211T092003_L1.tif,2,2021,winter,42,Winter
127,2021-02-14 09:42:29,S3A_CHL_IT_20210214T094229_L1.tif,2,2021,winter,45,Winter
128,2021-02-15 09:16:18,S3A_CHL_IT_20210215T091618_L1.tif,2,2021,winter,46,Winter
302,2021-02-16 09:51:38,S3B_CHL_IT_20210216T095138_L1.tif,2,2021,winter,47,Winter
303,2021-02-17 09:25:27,S3B_CHL_IT_20210217T092527_L1.tif,2,2021,winter,48,Winter
129,2021-02-17 10:04:56,S3A_CHL_IT_20210217T100456_L1.tif,2,2021,winter,48,Winter
130,2021-02-21 10:01:11,S3A_CHL_IT_20210221T100111_L1.tif,2,2021,winter,52,Winter
131,2021-03-01 09:53:41,S3A_CHL_IT_20210301T095341_L1.tif,3,2021,spring,60,Winter
132,2021-03-02 09:27:30,S3A_CHL_IT_20210302T092730_L1.tif,3,2021,spring,61,Winter
133,2021-03-14 09:16:15,S3A_CHL_IT_20210314T091615_L1.tif,3,2021,spring,73,Winter
304,2021-03-16 09:25:29,S3B_CHL_IT_20210316T092529_L1.tif,3,2021,spring,75,Winter
134,2021-03-16 10:04:52,S3A_CHL_IT_20210316T100452_L1.tif,3,2021,spring,75,Winter
135,2021-03-17 09:38:41,S3A_CHL_IT_20210317T093841_L1.tif,3,2021,spring,76,Winter
305,2021-03-18 10:14:06,S3B_CHL_IT_20210318T101406_L1.tif,3,2021,spring,77,Winter
306,2021-03-20 09:21:45,S3B_CHL_IT_20210320T092145_L1.tif,3,2021,spring,79,Winter
136,2021-03-20 10:01:08,S3A_CHL_IT_20210320T100108_L1.tif,3,2021,spring,79,Winter
307,2021-03-22 10:10:22,S3B_CHL_IT_20210322T101022_L1.tif,3,2021,spring,81,None
308,2021-03-23 09:44:11,S3B_CHL_IT_20210323T094411_L1.tif,3,2021,spring,82,None
309,2021-03-24 09:18:00,S3B_CHL_IT_20210324T091800_L1.tif,3,2021,spring,83,None
137,2021-03-24 09:57:25,S3A_CHL_IT_20210324T095725_L1.tif,3,2021,spring,83,None
310,2021-03-30 10:02:53,S3B_CHL_IT_20210330T100253_L1.tif,3,2021,spring,89,None
311,2021-04-03 09:59:08,S3B_CHL_IT_20210403T095908_L1.tif,4,2021,spring,93,Spring
312,2021-04-04 09:32:57,S3B_CHL_IT_20210404T093257_L1.tif,4,2021,spring,94,Spring
138,2021-04-04 10:12:25,S3A_CHL_IT_20210404T101225_L1.tif,4,2021,spring,94,Spring
139,2021-04-06 09:20:04,S3A_CHL_IT_20210406T092004_L1.tif,4,2021,spring,96,Spring
313,2021-04-08 09:29:12,S3B_CHL_IT_20210408T092912_L1.tif,4,2021,spring,98,Spring
140,2021-04-13 09:38:47,S3A_CHL_IT_20210413T093847_L1.tif,4,2021,spring,103,Spring
314,2021-04-14 10:14:04,S3B_CHL_IT_20210414T101404_L1.tif,4,2021,spring,104,Spring
141,2021-04-17 09:35:04,S3A_CHL_IT_20210417T093504_L1.tif,4,2021,spring,107,Spring
142,2021-04-20 09:57:31,S3A_CHL_IT_20210420T095731_L1.tif,4,2021,spring,110,Spring
315,2021-04-22 10:06:37,S3B_CHL_IT_20210422T100637_L1.tif,4,2021,spring,112,Spring
316,2021-04-23 09:40:26,S3B_CHL_IT_20210423T094026_L1.tif,4,2021,spring,113,Spring
143,2021-05-09 10:05:01,S3A_CHL_IT_20210509T100501_L1.tif,5,2021,spring,129,Spring
317,2021-05-12 09:47:57,S3B_CHL_IT_20210512T094757_L1.tif,5,2021,spring,132,Spring
144,2021-05-13 10:01:17,S3A_CHL_IT_20210513T100117_L1.tif,5,2021,spring,133,Spring
145,2021-05-14 09:35:06,S3A_CHL_IT_20210514T093506_L1.tif,5,2021,spring,134,Spring
146,2021-05-17 09:57:32,S3A_CHL_IT_20210517T095732_L1.tif,5,2021,spring,137,Spring-summer transition
147,2021-05-18 09:31:21,S3A_CHL_IT_20210518T093121_L1.tif,5,2021,spring,138,Spring-summer transition
318,2021-05-19 10:06:40,S3B_CHL_IT_20210519T100640_L1.tif,5,2021,spring,139,Spring-summer transition
319,2021-05-23 10:02:56,S3B_CHL_IT_20210523T100256_L1.tif,5,2021,spring,143,Spring-summer transition
148,2021-05-25 09:50:03,S3A_CHL_IT_20210525T095003_L1.tif,5,2021,spring,145,Spring-summer transition
149,2021-05-28 10:12:29,S3A_CHL_IT_20210528T101229_L1.tif,5,2021,spring,148,Spring-summer transition
320,2021-05-31 09:55:29,S3B_CHL_IT_20210531T095529_L1.tif,5,2021,spring,151,Spring-summer transition
321,2021-06-11 10:10:29,S3B_CHL_IT_20210611T101029_L1.tif,6,2021,summer,162,Spring-summer transition
150,2021-06-25 09:46:20,S3A_CHL_IT_20210625T094620_L1.tif,6,2021,summer,176,None
322,2021-07-09 09:44:20,S3B_CHL_IT_20210709T094420_L1.tif,7,2021,summer,190,Summer
323,2021-07-20 09:59:18,S3B_CHL_IT_20210720T095918_L1.tif,7,2021,summer,201,Summer
151,2021-07-29 10:05:00,S3A_CHL_IT_20210729T100500_L1.tif,7,2021,summer,210,Summer
152,2021-08-02 10:01:15,S3A_CHL_IT_20210802T100115_L1.tif,8,2021,summer,214,Summer
153,2021-08-06 09:57:30,S3A_CHL_IT_20210806T095730_L1.tif,8,2021,summer,218,Summer
154,2021-08-10 09:53:44,S3A_CHL_IT_20210810T095344_L1.tif,8,2021,summer,222,Summer
324,2021-08-12 10:03:04,S3B_CHL_IT_20210812T100304_L1.tif,8,2021,summer,224,Summer
155,2021-08-14 09:50:00,S3A_CHL_IT_20210814T095000_L1.tif,8,2021,summer,226,Summer
156,2021-08-17 10:12:26,S3A_CHL_IT_20210817T101226_L1.tif,8,2021,summer,229,Summer
157,2021-08-18 09:46:15,S3A_CHL_IT_20210818T094615_L1.tif,8,2021,summer,230,Summer
158,2021-08-26 09:38:46,S3A_CHL_IT_20210826T093846_L1.tif,8,2021,summer,238,Summer
325,2021-08-27 10:14:18,S3B_CHL_IT_20210827T101418_L1.tif,8,2021,summer,239,Summer
326,2021-08-28 09:48:07,S3B_CHL_IT_20210828T094807_L1.tif,8,2021,summer,240,Summer
159,2021-08-29 10:01:12,S3A_CHL_IT_20210829T100112_L1.tif,8,2021,summer,241,Summer
160,2021-08-30 09:35:01,S3A_CHL_IT_20210830T093501_L1.tif,8,2021,summer,242,Summer
327,2021-08-31 10:10:33,S3B_CHL_IT_20210831T101033_L1.tif,8,2021,summer,243,Summer
328,2021-09-01 09:44:22,S3B_CHL_IT_20210901T094422_L1.tif,9,2021,autumn,244,Summer-autumn transition
161,2021-09-06 09:53:43,S3A_CHL_IT_20210906T095343_L1.tif,9,2021,autumn,249,Summer-autumn transition
329,2021-09-12 09:59:19,S3B_CHL_IT_20210912T095919_L1.tif,9,2021,autumn,255,Summer-autumn transition
162,2021-09-17 10:08:42,S3A_CHL_IT_20210917T100842_L1.tif,9,2021,autumn,260,Summer-autumn transition
163,2021-09-22 09:38:47,S3A_CHL_IT_20210922T093847_L1.tif,9,2021,autumn,265,Summer-autumn transition
330,2021-09-24 09:48:04,S3B_CHL_IT_20210924T094804_L1.tif,9,2021,autumn,267,Summer-autumn transition
164,2021-09-30 09:31:19,S3A_CHL_IT_20210930T093119_L1.tif,9,2021,autumn,273,Summer-autumn transition
165,2021-10-07 09:50:02,S3A_CHL_IT_20211007T095002_L1.tif,10,2021,autumn,280,Autumn
166,2021-10-11 09:46:17,S3A_CHL_IT_20211011T094617_L1.tif,10,2021,autumn,284,Autumn
331,2021-10-13 09:55:29,S3B_CHL_IT_20211013T095529_L1.tif,10,2021,autumn,286,Autumn
332,2021-10-14 09:29:18,S3B_CHL_IT_20211014T092918_L1.tif,10,2021,autumn,287,Autumn
167,2021-10-14 10:08:44,S3A_CHL_IT_20211014T100844_L1.tif,10,2021,autumn,287,Autumn
168,2021-10-15 09:42:33,S3A_CHL_IT_20211015T094233_L1.tif,10,2021,autumn,288,Autumn
169,2021-10-16 09:16:22,S3A_CHL_IT_20211016T091622_L1.tif,10,2021,autumn,289,Autumn
333,2021-10-17 09:51:44,S3B_CHL_IT_20211017T095144_L1.tif,10,2021,autumn,290,Autumn
334,2021-10-18 09:25:33,S3B_CHL_IT_20211018T092533_L1.tif,10,2021,autumn,291,Autumn
170,2021-10-18 10:04:59,S3A_CHL_IT_20211018T100459_L1.tif,10,2021,autumn,291,Autumn
171,2021-10-22 10:01:15,S3A_CHL_IT_20211022T100115_L1.tif,10,2021,autumn,295,Autumn
172,2021-10-23 09:35:04,S3A_CHL_IT_20211023T093504_L1.tif,10,2021,autumn,296,Autumn
173,2021-10-26 09:57:30,S3A_CHL_IT_20211026T095730_L1.tif,10,2021,autumn,299,Autumn
174,2021-10-27 09:31:19,S3A_CHL_IT_20211027T093119_L1.tif,10,2021,autumn,300,Autumn
335,2021-10-28 10:06:43,S3B_CHL_IT_20211028T100643_L1.tif,10,2021,autumn,301,Autumn
336,2021-11-02 09:36:48,S3B_CHL_IT_20211102T093648_L1.tif,11,2021,autumn,306,Autumn
337,2021-11-05 09:59:15,S3B_CHL_IT_20211105T095915_L1.tif,11,2021,autumn,309,Autumn
338,2021-11-06 09:33:04,S3B_CHL_IT_20211106T093304_L1.tif,11,2021,autumn,310,Autumn
175,2021-11-06 10:12:27,S3A_CHL_IT_20211106T101227_L1.tif,11,2021,autumn,310,Autumn
176,2021-11-07 09:46:16,S3A_CHL_IT_20211107T094616_L1.tif,11,2021,autumn,311,Autumn
177,2021-11-08 09:20:05,S3A_CHL_IT_20211108T092005_L1.tif,11,2021,autumn,312,Autumn
339,2021-11-09 09:55:31,S3B_CHL_IT_20211109T095531_L1.tif,11,2021,autumn,313,Autumn
178,2021-11-12 09:16:21,S3A_CHL_IT_20211112T091621_L1.tif,11,2021,autumn,316,Autumn
179,2021-11-18 10:01:14,S3A_CHL_IT_20211118T100114_L1.tif,11,2021,autumn,322,Autumn
340,2021-11-20 10:10:29,S3B_CHL_IT_20211120T101029_L1.tif,11,2021,autumn,324,Autumn
341,2021-11-21 09:44:18,S3B_CHL_IT_20211121T094418_L1.tif,11,2021,autumn,325,Autumn
342,2021-11-24 10:06:44,S3B_CHL_IT_20211124T100644_L1.tif,11,2021,autumn,328,Autumn
180,2021-11-30 09:50:00,S3A_CHL_IT_20211130T095000_L1.tif,11,2021,autumn,334,Autumn
181,2021-12-03 10:12:25,S3A_CHL_IT_20211203T101225_L1.tif,12,2021,winter,337,None
182,2021-12-05 09:20:04,S3A_CHL_IT_20211205T092004_L1.tif,12,2021,winter,339,None
183,2021-12-07 10:08:42,S3A_CHL_IT_20211207T100842_L1.tif,12,2021,winter,341,None
184,2021-12-11 10:04:57,S3A_CHL_IT_20211211T100457_L1.tif,12,2021,winter,345,None
185,2021-12-16 09:35:01,S3A_CHL_IT_20211216T093501_L1.tif,12,2021,winter,350,None
186,2021-12-19 09:57:28,S3A_CHL_IT_20211219T095728_L1.tif,12,2021,winter,353,None
187,2021-12-20 09:31:17,S3A_CHL_IT_20211220T093117_L1.tif,12,2021,winter,354,None
188,2021-12-31 09:46:16,S3A_CHL_IT_20211231T094616_L1.tif,12,2021,winter,365,None
343,2022-01-06 09:51:46,S3B_CHL_IT_20220106T095146_L1.tif,1,2022,winter,6,Winter
344,2022-01-10 09:48:01,S3B_CHL_IT_20220110T094801_L1.tif,1,2022,winter,10,Winter
345,2022-01-11 09:21:50,S3B_CHL_IT_20220111T092150_L1.tif,1,2022,winter,11,Winter
189,2022-01-11 10:01:15,S3A_CHL_IT_20220111T100115_L1.tif,1,2022,winter,11,Winter
190,2022-01-12 09:35:05,S3A_CHL_IT_20220112T093505_L1.tif,1,2022,winter,12,Winter
346,2022-01-13 10:10:27,S3B_CHL_IT_20220113T101027_L1.tif,1,2022,winter,13,Winter
347,2022-01-14 09:44:16,S3B_CHL_IT_20220114T094416_L1.tif,1,2022,winter,14,Winter
191,2022-01-15 09:57:32,S3A_CHL_IT_20220115T095732_L1.tif,1,2022,winter,15,Winter
192,2022-01-16 09:31:21,S3A_CHL_IT_20220116T093121_L1.tif,1,2022,winter,16,Winter
348,2022-01-18 09:40:31,S3B_CHL_IT_20220118T094031_L1.tif,1,2022,winter,18,Winter
193,2022-01-19 09:53:49,S3A_CHL_IT_20220119T095349_L1.tif,1,2022,winter,19,Winter
194,2022-01-20 09:27:38,S3A_CHL_IT_20220120T092738_L1.tif,1,2022,winter,20,Winter
349,2022-01-21 10:02:57,S3B_CHL_IT_20220121T100257_L1.tif,1,2022,winter,21,Winter
195,2022-01-24 09:23:54,S3A_CHL_IT_20220124T092354_L1.tif,1,2022,winter,24,Winter
196,2022-01-28 09:20:10,S3A_CHL_IT_20220128T092010_L1.tif,1,2022,winter,28,Winter
350,2022-01-29 09:55:27,S3B_CHL_IT_20220129T095527_L1.tif,1,2022,winter,29,Winter
351,2022-01-30 09:29:16,S3B_CHL_IT_20220130T092916_L1.tif,1,2022,winter,30,Winter
197,2022-01-30 10:08:47,S3A_CHL_IT_20220130T100847_L1.tif,1,2022,winter,30,Winter
198,2022-02-01 09:16:25,S3A_CHL_IT_20220201T091625_L1.tif,2,2022,winter,32,Winter
199,2022-02-03 10:05:03,S3A_CHL_IT_20220203T100503_L1.tif,2,2022,winter,34,Winter
352,2022-02-05 10:14:09,S3B_CHL_IT_20220205T101409_L1.tif,2,2022,winter,36,Winter
353,2022-02-06 09:47:58,S3B_CHL_IT_20220206T094758_L1.tif,2,2022,winter,37,Winter
354,2022-02-07 09:21:48,S3B_CHL_IT_20220207T092148_L1.tif,2,2022,winter,38,Winter
200,2022-02-07 10:01:18,S3A_CHL_IT_20220207T100118_L1.tif,2,2022,winter,38,Winter
201,2022-02-08 09:35:07,S3A_CHL_IT_20220208T093507_L1.tif,2,2022,winter,39,Winter
355,2022-02-09 10:10:26,S3B_CHL_IT_20220209T101026_L1.tif,2,2022,winter,40,Winter
356,2022-02-13 10:06:42,S3B_CHL_IT_20220213T100642_L1.tif,2,2022,winter,44,Winter
202,2022-02-20 09:23:52,S3A_CHL_IT_20220220T092352_L1.tif,2,2022,winter,51,Winter
357,2022-02-22 09:33:03,S3B_CHL_IT_20220222T093303_L1.tif,2,2022,winter,53,Winter
203,2022-02-22 10:12:29,S3A_CHL_IT_20220222T101229_L1.tif,2,2022,winter,53,Winter
204,2022-02-23 09:46:17,S3A_CHL_IT_20220223T094617_L1.tif,2,2022,winter,54,Winter
358,2022-02-25 09:55:30,S3B_CHL_IT_20220225T095530_L1.tif,2,2022,winter,56,Winter
359,2022-02-26 09:29:19,S3B_CHL_IT_20220226T092919_L1.tif,2,2022,winter,57,Winter
205,2022-02-26 10:08:44,S3A_CHL_IT_20220226T100844_L1.tif,2,2022,winter,57,Winter
206,2022-02-27 09:42:33,S3A_CHL_IT_20220227T094233_L1.tif,2,2022,winter,58,Winter
207,2022-02-28 09:16:22,S3A_CHL_IT_20220228T091622_L1.tif,2,2022,winter,59,Winter
208,2022-03-03 09:38:48,S3A_CHL_IT_20220303T093848_L1.tif,3,2022,spring,62,Winter
360,2022-03-09 09:44:17,S3B_CHL_IT_20220309T094417_L1.tif,3,2022,spring,68,Winter
209,2022-03-10 09:57:30,S3A_CHL_IT_20220310T095730_L1.tif,3,2022,spring,69,Winter
361,2022-03-20 09:59:14,S3B_CHL_IT_20220320T095914_L1.tif,3,2022,spring,79,Winter
210,2022-03-22 09:46:18,S3A_CHL_IT_20220322T094618_L1.tif,3,2022,spring,81,None
211,2022-03-23 09:20:07,S3A_CHL_IT_20220323T092007_L1.tif,3,2022,spring,82,None
362,2022-03-24 09:55:30,S3B_CHL_IT_20220324T095530_L1.tif,3,2022,spring,83,None
212,2022-03-25 10:08:45,S3A_CHL_IT_20220325T100845_L1.tif,3,2022,spring,84,None
213,2022-04-03 09:35:06,S3A_CHL_IT_20220403T093506_L1.tif,4,2022,spring,93,Spring
363,2022-04-05 09:44:16,S3B_CHL_IT_20220405T094416_L1.tif,4,2022,spring,95,Spring
364,2022-04-09 09:40:33,S3B_CHL_IT_20220409T094033_L1.tif,4,2022,spring,99,Spring
214,2022-04-10 09:53:48,S3A_CHL_IT_20220410T095348_L1.tif,4,2022,spring,100,Spring
365,2022-04-12 10:03:00,S3B_CHL_IT_20220412T100300_L1.tif,4,2022,spring,102,Spring
215,2022-04-14 09:50:03,S3A_CHL_IT_20220414T095003_L1.tif,4,2022,spring,104,Spring
366,2022-04-16 09:59:16,S3B_CHL_IT_20220416T095916_L1.tif,4,2022,spring,106,Spring
367,2022-04-17 09:33:06,S3B_CHL_IT_20220417T093306_L1.tif,4,2022,spring,107,Spring
216,2022-04-17 10:12:31,S3A_CHL_IT_20220417T101231_L1.tif,4,2022,spring,107,Spring
217,2022-04-18 09:46:20,S3A_CHL_IT_20220418T094620_L1.tif,4,2022,spring,108,Spring
218,2022-04-19 09:20:09,S3A_CHL_IT_20220419T092009_L1.tif,4,2022,spring,109,Spring
219,2022-04-25 10:05:04,S3A_CHL_IT_20220425T100504_L1.tif,4,2022,spring,115,Spring
368,2022-04-27 10:14:15,S3B_CHL_IT_20220427T101415_L1.tif,4,2022,spring,117,Spring
369,2022-04-28 09:48:04,S3B_CHL_IT_20220428T094804_L1.tif,4,2022,spring,118,Spring
370,2022-05-01 10:10:32,S3B_CHL_IT_20220501T101032_L1.tif,5,2022,spring,121,Spring
371,2022-05-02 09:44:21,S3B_CHL_IT_20220502T094421_L1.tif,5,2022,spring,122,Spring
220,2022-05-11 09:50:05,S3A_CHL_IT_20220511T095005_L1.tif,5,2022,spring,131,Spring
221,2022-05-26 10:01:18,S3A_CHL_IT_20220526T100118_L1.tif,5,2022,spring,146,Spring-summer transition
372,2022-06-09 09:59:26,S3B_CHL_IT_20220609T095926_L1.tif,6,2022,summer,160,Spring-summer transition
222,2022-06-10 10:12:30,S3A_CHL_IT_20220610T101230_L1.tif,6,2022,summer,161,Spring-summer transition
373,2022-06-13 09:55:42,S3B_CHL_IT_20220613T095542_L1.tif,6,2022,summer,164,Spring-summer transition
374,2022-06-25 09:44:28,S3B_CHL_IT_20220625T094428_L1.tif,6,2022,summer,176,None
375,2022-07-02 10:03:11,S3B_CHL_IT_20220702T100311_L1.tif,7,2022,summer,183,Summer
376,2022-07-06 09:59:27,S3B_CHL_IT_20220706T095927_L1.tif,7,2022,summer,187,Summer
223,2022-07-07 10:12:29,S3A_CHL_IT_20220707T101229_L1.tif,7,2022,summer,188,Summer
224,2022-07-08 09:46:18,S3A_CHL_IT_20220708T094618_L1.tif,7,2022,summer,189,Summer
377,2022-07-10 09:55:44,S3B_CHL_IT_20220710T095544_L1.tif,7,2022,summer,191,Summer
225,2022-07-11 10:08:44,S3A_CHL_IT_20220711T100844_L1.tif,7,2022,summer,192,Summer
226,2022-07-15 10:04:59,S3A_CHL_IT_20220715T100459_L1.tif,7,2022,summer,196,Summer
378,2022-07-18 09:48:16,S3B_CHL_IT_20220718T094816_L1.tif,7,2022,summer,199,Summer
227,2022-07-27 09:53:44,S3A_CHL_IT_20220727T095344_L1.tif,7,2022,summer,208,Summer
228,2022-07-31 09:50:00,S3A_CHL_IT_20220731T095000_L1.tif,7,2022,summer,212,Summer
229,2022-08-03 10:12:26,S3A_CHL_IT_20220803T101226_L1.tif,8,2022,summer,215,Summer
230,2022-08-08 09:42:30,S3A_CHL_IT_20220808T094230_L1.tif,8,2022,summer,220,Summer
379,2022-08-09 10:18:09,S3B_CHL_IT_20220809T101809_L1.tif,8,2022,summer,221,Summer
231,2022-08-11 10:04:56,S3A_CHL_IT_20220811T100456_L1.tif,8,2022,summer,223,Summer
380,2022-08-13 10:14:26,S3B_CHL_IT_20220813T101426_L1.tif,8,2022,summer,225,Summer
232,2022-08-20 09:31:15,S3A_CHL_IT_20220820T093115_L1.tif,8,2022,summer,232,Summer
381,2022-08-21 10:06:58,S3B_CHL_IT_20220821T100658_L1.tif,8,2022,summer,233,Summer
233,2022-08-23 09:53:41,S3A_CHL_IT_20220823T095341_L1.tif,8,2022,summer,235,Summer
382,2022-08-25 10:03:13,S3B_CHL_IT_20220825T100313_L1.tif,8,2022,summer,237,Summer
383,2022-08-29 09:59:29,S3B_CHL_IT_20220829T095929_L1.tif,8,2022,summer,241,Summer
234,2022-09-04 09:42:29,S3A_CHL_IT_20220904T094229_L1.tif,9,2022,autumn,247,Summer-autumn transition
235,2022-09-08 09:38:46,S3A_CHL_IT_20220908T093846_L1.tif,9,2022,autumn,251,Summer-autumn transition
236,2022-09-11 10:01:13,S3A_CHL_IT_20220911T100113_L1.tif,9,2022,autumn,254,Summer-autumn transition
237,2022-09-12 09:35:02,S3A_CHL_IT_20220912T093502_L1.tif,9,2022,autumn,255,Summer-autumn transition
238,2022-09-15 09:57:29,S3A_CHL_IT_20220915T095729_L1.tif,9,2022,autumn,258,Summer-autumn transition
239,2022-09-16 09:31:18,S3A_CHL_IT_20220916T093118_L1.tif,9,2022,autumn,259,Summer-autumn transition
240,2022-09-19 09:53:44,S3A_CHL_IT_20220919T095344_L1.tif,9,2022,autumn,262,Summer-autumn transition
241,2022-09-27 09:46:15,S3A_CHL_IT_20220927T094615_L1.tif,9,2022,autumn,270,Summer-autumn transition
384,2022-10-18 10:03:09,S3B_CHL_IT_20221018T100309_L1.tif,10,2022,autumn,291,Autumn
385,2022-10-19 09:36:58,S3B_CHL_IT_20221019T093658_L1.tif,10,2022,autumn,292,Autumn
386,2022-10-27 09:29:32,S3B_CHL_IT_20221027T092932_L1.tif,10,2022,autumn,300,Autumn
242,2022-10-27 10:08:41,S3A_CHL_IT_20221027T100841_L1.tif,10,2022,autumn,300,Autumn
388,2022-11-04 09:22:05,S3B_TSM_IT_20221104T092205_L1.tif,11,2022,autumn,308,Autumn
387,2022-11-04 09:22:05,S3B_CHL_IT_20221104T092205_L1.tif,11,2022,autumn,308,Autumn
243,2022-11-04 10:01:11,S3A_CHL_IT_20221104T100111_L1.tif,11,2022,autumn,308,Autumn
244,2022-11-05 09:35:00,S3A_CHL_IT_20221105T093500_L1.tif,11,2022,autumn,309,Autumn
